id,name,alias,description,parent,ordering,published,title,subtitle,image,teaser_text,teaser_image,metadata_title,metadata_description,metadata_keywords,metadata_robots,metadata_author,items_per_page,subcategory_items_count,tmpl_category,tmpl_subcategory,tmpl_item,config_category,config_items,config_layouts,config_others,config_items_order
19,"Спец предложение",spec-predlozhenie,,,14,1,,,,,,,,,,,0,0,,,,,,,,0:_jbzoo_0_field_209e2f41-0701-48d8-96f7-cbc18c96e575;1:_jbzoo_0_mode_n;2:_jbzoo_0_order_asc
86,Туапсе,tuapse,"<p>Отдых в Туапсе и Туапсинском районе 2026, цены на жильё у моря в частном секторе и гостевых домах без посредников</p>",,13,1,,,,,,"Отдых в Туапсе 2026 цены на жилье у моря без посредников","Гостевые дома в разделе Туапсе частный сектор указаны с ценами на 2026 год, есть фото номеров, отзывы туристов и телефоны хозяев. Отдыхайте в Туапсе и бронируйте недорогое жильё без посредников!",,,,0,0,,subcategory_cols:3,item_cols:3;item_order:0,,,,,
77,Кудепста,kudepsta,"<p>Кудепста частный сектор у моря — представлены цены на 2026 год, есть фото, описание объектов, отзывы от отдыхающих. Бронируйте недорого свой отдых в частном секторе Кудепсты без посредников!</p>",,12,1,,,,,,"Кудепста частный сектор у моря, цены 2026 года на отдых без посредников","Недорогое жильё в частном секторе Кудепста с ценами на 2026 год, есть фото номеров, отзывы от туристов. Отдых в Кудепсте у берега моря без посредников!",,,,0,0,,,item_cols:3,,,,,0:random;1:_jbzoo_0_mode_s;2:_jbzoo_0_order_random
79,Сочи,sochi,"<p>Раздел сайта гостевые дома в Сочи с ценами на 2026 год: представлено описание, есть контакты хозяев, фото и отзывы от туристов. Отдых у моря без посредников!<b><br /></b></p>",,11,1,,,,,,"Гостевые дома в Сочи: цены 2026 на отдых у моря без посредников","Недорогие гостевые дома Сочи с ценами на 2026 год есть описание, контакты хозяев, отзывы от туристов. Отдых в Сочи у моря без посредников.",,,,0,0,,,item_cols:3,,,,,
80,Дагомыс,dagomys,"<p>Недорогой частный сектор Дагомыс с ценами на 2026 год. Есть описание, контакты хозяев, отзывы от туристов. Отдых у моря без посредников.</p>",,10,1,,,,,,"Дагомысе 2026 цены на отдых в частном секторе у моря","Разделе Дагомыс частный сектор указан с ценами на 2026 год, есть фото номеров, отзывы от туристов и телефоны хозяев. Отдыхайте в Дагомысе и бронируйте недорогое жильё без посредников!",,,,0,0,,,item_cols:3,,,,,
83,"Красная Поляна",krasnaya-polyana,"<p>Красная поляна отдых 2026, цены на гостевые дома Красной поляны с фото, отзывами от отдыхающих.</p>",,9,1,,,,,,"Красная поляна отдых 2026 цены на гостевые дома Красной поляны","Раздел гостевые дома Красной поляны с предложениями от владельцев с фото, описаниями и ценами на 2026 год. На отдых в Красной поляне выбирайте гостевые дома без посредников!",,,,0,0,,subcategory_cols:3,,,,,,
102,"Квартиры в Абхазии",kvartiry-v-abhazii,"<p>Недорогие квартиры Абхазии с ценами на 2026 год: есть описание, контакты хозяев, отзывы туристов. Отдых у моря без посредников.</p>",abhaziya-2,9,1,,,,,,"Снять квартиру посуточно в Абхазии 2026 цены у моря недорого","Недорогие предложения посуточной аренды квартир под-ключ в Абхазии. Все квартиры с ценами на 2026 год, фото и отзывами туристов. Снять на отдых у моря без посредников!",,,,0,0,category_title_show:0,,item_cols:3,,,,,0:_jbzoo_0_field_corename;1:_jbzoo_0_mode_s;2:_jbzoo_0_order_random
18,"Частный сектор в Абхазии",abxaziya-1,"<p>Ищите где снять жилье в частном секторе Абхазии, вы ещё не определились с недорогим предложением у моря? Информация на отдых для вас с ценами на 2026 год, фото, есть отзывы и телефоны хозяев!</p>",abhaziya-2,8,1,,,,,,"Снять жильё в частном секторе Абхазии 2026 цены на отдых без посредников","Недорогой отдых в частном секторе Абхазии с ценами на 2026 год: есть описание, контакты хозяев, отзывы туристов. Снять жильё у моря без посредников!",,,,0,0,category_title_show:0,,item_cols:3;item_order:0,,,layout_items:__auto__,,0:_jbzoo_0_field_corename;1:_jbzoo_0_mode_s;2:_jbzoo_0_order_random
93,Дополнительно,dopolnitelno,,,8,1,,,,,,,,,,,0,0,,,,,,,,
21,"Все варианты",vse-varianty,"<p>Сочи частный сектор указаны с ценами на 2026 год, есть фото номеров, отзывы туристов и телефоны хозяев. Отдыхайте в Сочи и бронируйте недорогое жильё у моря без посредников!</p>",,7,1,,,,,,"Сочи отдых частный сектор в Сочи 2026, цены на жильё без посредников","Сочи частный сектор указаны с ценами на 2026 год, есть фото номеров, отзывы туристов и телефоны хозяев. Отдыхайте в Сочи и бронируйте недорогое жильё у моря без посредников!",,,,36,0,category_title_show:0;category_text:1,subcategory_show:0,item_order:0;item_pagination:1,show_feed_link:0,items_per_page:36,,,0:_jbzoo_0_field_corename;1:_jbzoo_0_mode_s;2:_jbzoo_0_order_random
113,"Гостиницы и отели Абхазии",gostinicy-i-oteli-abhazii,"<p>Недорогие Гостиницы и отели Абхизии с ценами на 2026 год. Отдых у моря без посредников. Есть описание, контакты хозяев, отзывы от туристов.</p>",abhaziya-2,7,1,,,,,,"Гостиницы и отели Абхазии 2026 цена на отдых без посредников","Раздел Гостиницы и отели Абхазия все предложения от владельцев с фото, описанием и ценами на 2026 год. Для отдыха в Абхазии выбирайте недорогие гостиницы и отели у моря без посредников!",,,,0,0,category_title_show:0,,item_cols:3,,,,,
84,Абхазия,abhaziya-2,"<p>Подыскиваете жилье, вы ещё не определились с недорогим предложением в частном секторе у моря в Абхазии? Информация на отдых с ценами на 2026 год, фото, есть отзывы и телефоны хозяев! </p>",,6,1,,,,,,"Абхазия частный сектор 2026, цены на отдых у моря без посредников","Абхазия частный сектор с ценами на 2026 год, есть фото номеров, отзывы туристов и телефоны хозяев. Отдыхайте в Абхазии и бронируйте недорогое жильё у моря без посредников!",,,,70,0,category_title_show:0,subcategory_show:0,,,items_per_page:70,,,0:random;1:_jbzoo_0_mode_s;2:_jbzoo_0_order_asc
101,"Гостевые дома Абхазии",gostevye-doma-v-abhazii,"<p>Недорогие гостевые дом Абхизии с ценами на 2026 год. Есть описание, контакты хозяев, отзывы от туристов. Отдых у моря без посредников.</p>",abhaziya-2,6,1,,,,,,"Абхазия гостевые дома у моря, цены 2026 на отдых без посредников","Раздел гостевые дома Абхазия все предложения от владельцев с фото, описанием и ценами на 2026 год. Для отдыха в Абхазии выбирайте недорогие гостевые дома у моря без посредников!",,,,0,0,category_title_show:0,,item_cols:3,,,,,
117,"Коттеджи и дома под ключ",chastnyj-gostevoj-dom-copy,"<p>Недорогие коттеджи и дома под ключ Адлера у моря с ценами на 2026 год. Есть описание, контакты хозяев, отзывы от туристов. Отдых у моря без посредников.</p>",adler-otdyh-s-cenami,6,1,,,,,,"Коттеджи и дома под ключ Адлер у моря цены 2026 на отдых без посредников ","Недорогие коттеджи и дома под ключ посуточно у моря в Адлере. Есть цены 2026 года, фото и отзывы туристов. Снять на отдых без посредников! ",,,,100,0,category_title_show:0,,,,items_per_page:100,,,0:_jbzoo_0_field_corename;1:_jbzoo_0_mode_s;2:_jbzoo_0_order_random
82,"Лазаревское гостевые дома",lazarevskoe,"<p>Лазаревское гостевые дома представлены цены 2026 года, есть фото и отзывы от отдыхающих. Планируйте у моря свой недорогой отдых в гостевых домах Лазаревского без посредников!</p>",,5,1,,,,,,"Лазаревское гостевые дома 2026, цены на отдых без посредников","Недорогие гостевые дома Лазаревское с ценами на 2026 год. Есть, контакты хозяев, отзывы туристов. Отдых у моря без посредников.",,,,0,0,category_title_show:0,subcategory_show:0,item_cols:3,,,,,0:random;1:_jbzoo_0_mode_s;2:_jbzoo_0_order_random
104,"Олимпийский парк",olimpijskij-park,"<p>Гостиницы и отели в Олимпийском парке указаны цены на 2026 год, есть фото и отзывы от отдыхающих. Собрались на отдых в Олимпийский парк Сочи воспользуйтесь информацией с официального сайта и бронируйте жильё в Адлере у моря без посредников!</p>
<p><strong>Жилье на отдых в Олимпийском парке</strong></p>",adler-otdyh-s-cenami,5,1,,,,,,"Олимпийский парк Адлер, цены 2026 гостиницы и отели","Недорогие гостиницы и отели Олимпийский парк Адлер с ценами на 2026 год: есть описание, контакты хозяев, отзывы от туристов. Отдых в Сириусе у моря без посредников!",,,,0,0,category_title_show:0,,,,,,,0:_jbzoo_0_field_corename;1:_jbzoo_0_mode_s;2:_jbzoo_0_order_random
120,Сухум,suhum,"<p>Недорогие гостевые дом в Сухуми с ценами на 2026 год. Есть описание, контакты хозяев, отзывы от туристов. Отдых в Абхазии у моря без посредников.</p>",abhaziya-2,5,1,,,,,,"Сухум гостевые дома у моря, цены 2026 на отдых без посредников","Недорогие гостевые дома Сухум с ценами на 2026 год: есть описание, телефоны хозяев, отзывы от туристов. Отдых в Сухуми Абхазия у моря без посредников!",,,,0,0,category_title_show:0,,item_cols:3,,,,,
17,Квартира,kvartira,"<p>Информация на квартиры Адлера у моря. Есть цены на 2026 год, фото и отзывы туристов. Отдых в Адлере без посредников!  </p>",adler-otdyh-s-cenami,4,1,,,,,,"Снять квартиру в Адлер посуточно, цены 2026 на квартиры без посредников","Предложения посуточной аренды квартир снять под-ключ в Адлере. Все квартиры с ценами на 2026 год, фото и отзывами туристов. Отдых в Адлере у моря без посредников!",,,,0,0,category_title_show:0,,,,,,,0:_jbzoo_0_field_corename;1:_jbzoo_0_mode_s;2:_jbzoo_0_order_random
85,"Вардане все объекты",vardane,"<p>Вардане частный сектор у моря представлен с ценами на 2026 год, есть фотографии и отзывы от отдыхающих. Бронируйте недорого отдых в Вардане без посредников!</p>",,4,1,,,,,,"Вардане частный сектор у моря цены 2026 на отдых без посредников ","Вардане частный сектор с ценами на 2026 год, есть фото номеров, отзывы туристов и телефоны хозяев. Отдыхайте в Вардане и бронируйте недорогое жильё без посредников!!!",,,,0,0,category_title_show:0,subcategory_show:0,item_cols:3,,,,,0:random;1:_jbzoo_0_mode_s;2:_jbzoo_0_order_random
115,"Квартиры в Хосте",kvartiry-v-hoste,"<p>Недорогие квартиры Хосты с ценами на 2026 год: есть описание, контакты хозяев, отзывы туристов. Летний отдых у моря без посредников.</p>",hosta,4,1,,,,,,"Снять квартиру в Хосте посуточно у моря цены 2026, квартиры на отдых без посредников","Недорогие предложения посуточной аренды квартир под-ключ в Хосте. Квартиры с описанием, ценами на 2026 год, есть фото и отзывы от туристов. Отдых у моря без посредников!",,,,0,0,,subcategory_show:0,,,,,,0:random;1:_jbzoo_0_mode_s;2:_jbzoo_0_order_random
122,"Новый Афон",novyj-afon,"<p>Недорогие гостевые дом в Новом Афоне с ценами на 2026 год. Есть описание, контакты хозяев, отзывы от туристов. Отдых в Абхазии у моря без посредников.</p>",abhaziya-2,4,1,,,,,,"Новый Афон гостевые дома у моря, цены 2026 на отдых без посредников","Недорогие гостевые дома Новый Афон с ценами на 2026 год: есть описание, телефоны хозяев, отзывы от туристов. Отдых в Новом Афоне Абхазия у моря без посредников!",,,,0,0,category_title_show:0,,item_cols:3,,,,,
16,Гостиница,chastnaya-gostinicza,"<p>Информация на гостиницы и отели Адлера у моря. Есть цены на 2026 год, фото номеров и отзывы туристов. Отдых в Адлере без посредников!</p>",adler-otdyh-s-cenami,3,1,,,,,,"Гостиницы и отели Адлера у моря, цены 2026 на отдых без посредников","Недорогие гостиницы и отели Адлера с ценами на 2026 год: есть описание, телефоны, отзывы туристов. Отдых у моря без посредников.",,,,0,0,category_title_show:0,,,,,,,0:_jbzoo_0_field_corename;1:_jbzoo_0_mode_s;2:_jbzoo_0_order_random
81,"Лоо все объекты",loo,"<p>Гостиницы Лоо у моря и отели с ценами на 2026 год, есть фото и отзывы от отдыхающих. Планируйте и бронируйте свой отдых в мини гостиницах и отелях в Лоо рядом с морем без посредников!</p>",,3,1,,,,,,"Гостиницы Лоо и отели у моря, цены 2026 на отдых без посредников","Информация на гостиницы и отели Лоо у моря. Указаны цены на 2026 год, есть фото, телефоны хозяев и отзывы туристов. Отдых в Лоо без посредников!",,,,0,0,category_title_show:0,subcategory_show:0,item_cols:3,,,,,0:_jbzoo_0_field_corename;1:_jbzoo_0_mode_s;2:_jbzoo_0_order_random
116,"Хоста гостиницы",hosta-gostinicy,"<p>Недорогие отели и гостиницы Хосты с ценами на 2026 год: есть описание, контакты, отзывы туристов. Отдых у моря без посредников.</p>",hosta,3,1,,,,,,"Отели и гостиницы Хосты 2026 у моря, цены на отдых без посредников","Отели и гостиницы Хосты с предложениями от хозяев с ценами на 2026 год. Каждая гостиница и отель с описанием, есть фото, отзывы туристов. Отдых у моря без посредников! ",,,,0,0,,subcategory_show:0,,,,,,0:random;1:_jbzoo_0_mode_s;2:_jbzoo_0_order_random
121,Пицунда,picunda,"<p>Недорогие гостевые дом в Пицунде с ценами на 2026 год. Есть описание, контакты хозяев, отзывы от туристов. Отдых в Абхазии у моря без посредников.</p>",abhaziya-2,3,1,,,,,,"Пицунда гостевые дома у моря, цены 2026 отдых без посредников","Недорогие гостевые дома Пицунды с ценами на 2026 год: есть описание, телефоны хозяев, отзывы от туристов. Отдых в Пицунде Абхазия у моря без посредников!",,,,0,0,category_title_show:0,,item_cols:3,,,,,
14,"Гостевой дом",chastnyj-gostevoj-dom,"<p>Недорогие гостевые дома Адлера с ценами на 2026 год. Есть описание, контакты хозяев, отзывы от туристов. Отдых у моря без посредников.</p>",adler-otdyh-s-cenami,2,1,,,,,,"Гостевые дома Адлер 2026. Низкие цены, отзывы, фото без посредников","Недорогие гостевые дома Адлер с ценами на 2026 год: есть фото комнат, отзывы от туристов. Отдых на берегу моря без посредников!",,,,100,0,category_title_show:0,,,,items_per_page:100,,,0:_jbzoo_0_field_corename;1:_jbzoo_0_mode_s;2:_jbzoo_0_order_random
78,"Хоста гостевые дома",hosta-gostevye-doma,"<p>Хоста гостевые дома указаны предложения от хозяев с фото, есть описание и цены на 2026 год. Для лучшего отдыха в Хосте выбирайте недорогие гостевые дома без посредников!</p>",hosta,2,1,,,,,,"Хоста гостевые дома 2026, недорогие цены без посредников","Недорогие гостевые дома Хоста с ценами на 2026 год: есть контакты хозяев, отзывы от туристов. Отдых у моря в Хосте без посредников.",,,,0,0,,subcategory_show:0,,,,,,0:random;1:_jbzoo_0_mode_s;2:_jbzoo_0_order_random
89,"Гостевые дома Лоо",gostevye-doma-loo,"<p>Недорогие гостевые дома Лоо с ценами на 2026 год. Есть описание, контакты хозяев, отзывы от туристов. Отдых у моря без посредников!</p>",loo,2,1,,,,,,"Лоо гостевые дома у моря, цены 2026 на отдых без посредников","Недорогие гостевые дома Лоо с ценами на 2026 год. Есть описание, контакты хозяев, отзывы от туристов. Отдых в Лоо у моря без посредников.",,,,0,0,category_title_show:0,,item_cols:3,,,,,0:random;1:_jbzoo_0_mode_s;2:_jbzoo_0_order_random
103,"Гостиницы Лазаревское",oteli-i-gostinicy-lazarevskoe,"<p>Гостиницы Лазаревское и отели у моря с ценами на 2026 год, есть фото и отзывы от отдыхающих. Недорого планируйте свой отдых в Лазаревском без посредников!</p>",lazarevskoe,2,1,,,,,,"Гостиницы и отели Лазаревское у моря цены 2026 на отдых без посредников ","Информация на гостиницы и отели Лазаревского у моря. Указаны цены на 2026 год, есть фото и отзывы туристов. Отдых в Лазаревском без посредников!",,,,0,0,category_title_show:0,,item_cols:3,,,,,0:random;1:_jbzoo_0_mode_s;2:_jbzoo_0_order_random
114,"Хоста все объекты",hosta,"<p>Ищите где снять жилье в Хосте, вы ещё не определились с недорогим предложением у моря? Информация на отдых для Вас с ценами на 2026 год, фото, есть отзывы и телефоны хозяев!</p>",,2,1,,,,,,"Снять жильё в Хосте недорого у моря, цены 2026 года без посредников","Ищите где снять жилье в Хосте, вы ещё не определились с недорогим вариантом у моря? Информация на отдых с ценами на 2026 год, есть фото, отзывы и телефоны хозяев!",,,,0,0,,subcategory_show:0,,,,,,0:random;1:_jbzoo_0_mode_s;2:_jbzoo_0_order_random
119,Гагра,gagra,"<p>Недорогие гостевые дом в Гагре с ценами на 2026 год. Есть описание, контакты хозяев, отзывы от туристов. Отдых в Абхазии у моря без посредников.</p>",abhaziya-2,2,1,,,,,,"Гостевые дома Гагра у моря, цены 2026 на отдых без посредников","Недорогие гостевые дома Гагра с ценами на 2026 год: есть описание, телефоны хозяев, отзывы от туристов. Отдых в Гагре Абхазия у моря без посредников!",,,,0,0,category_title_show:0,,item_cols:3,,,,,
15,"Частный сектор",chastnyj-sektor,"<p>Недорогой отдых в частном секторе Адлера с ценами на 2026 год с описанием, контактами, есть отзывы от туристов. Отдых у моря без посредников!</p>",adler-otdyh-s-cenami,1,1,,,,,,"Адлер частный сектор, цены на отдых 2026 без посредников","Адлер частный сектор указаны с ценами на 2026 год, есть фото комнат, отзывы от туристов, телефоны хозяев. Отдыхайте в Адлере и бронируйте недорогое жильё у моря без посредников!",,,,55,0,category_title_show:0,,,,items_per_page:55,,,0:_jbzoo_0_field_corename;1:_jbzoo_0_mode_s;2:_jbzoo_0_order_random
73,"Адлер все объекты",adler-otdyh-s-cenami,"<p>Ищите где снять жильё в Адлере, вы ещё не определились с недорогим предложением частном секторе у моря? Информация на отдых для вас. Дома с ценами на 2026 год, фото, есть отзывы и телефоны хозяев!</p>
<h3>Адлер все объекты</h3>",,1,1,,,,,,,,,,,100,0,category_title_show:0,subcategory_show:0;subcategory_cols:3,,,items_per_page:100,,,0:random;1:_jbzoo_0_mode_s;2:_jbzoo_0_order_random
87,"Частный сектор Хоста",chastnyj-sektor-hosta,"<p>Хоста частный сектор представлены цены на 2026 год, есть фото, описание и отзывы от отдыхающих. Бронируйте у моря недорогое жильё на отдых в частном секторе Хосты на сайте без посредников!</p>",hosta,1,1,,,,,,"Хоста отдых 2026 цены на частный сектор без посредников","Хаста частный сектор указаны с ценами на 2026 год, есть фото номеров, отзывы туристов и телефоны хозяев. Отдыхайте в Хосте и бронируйте недорогое жильё без посредников!",,,,0,0,category_title_show:0,,item_cols:3,,,,,0:random;1:_jbzoo_0_mode_s;2:_jbzoo_0_order_random
88,"Частный сектор в Лоо",loo-chastnyj-sektor-s-cenami-na-otdyh-u-morya,"<p>Лоо частный сектор представлены — цены на 2026 год, есть фото объектов, отзывы от отдыхающих и телефоны хозяев. Планируйте отдых в Лоо и бронируйте недорогое жильё без посредников! | Дикарь-Сочи.РФ</p>",loo,1,1,,,,,,"Лоо частный сектор у моря, цены 2026 на отдых в Лоо без посредников",,,,,0,0,category_title_show:0,,item_cols:3,,,,,0:_jbzoo_0_field_corename;1:_jbzoo_0_mode_s;2:_jbzoo_0_order_random
90,"Гостевые дома Вардане",gostevye-doma-vardane,"<p>Недорогие гостевые дома Вардане с ценами на 2026 год. Есть описание, контакты хозяев, отзывы от туристов. Отдых у моря без посредников.</p>",vardane,1,1,,,,,,"Гостевые дома Вардане 2026. Недорогие цены, фото, отзывы. Отдых без посредников","Недорогие гостевые дома Вардане с ценами на 2026 год. Есть описание, контакты хозяев, отзывы от туристов. Отдых в Вардане у моря без посредников!",,,,0,0,category_title_show:0,,item_cols:3,,,,,0:random;1:_jbzoo_0_mode_s;2:_jbzoo_0_order_random
91,"Частный сектор Лазаревское",chastnyj-sektor-lazarevskoe,"<p>Частный сектор в Лазаревском — представлены цены на 2026 год, есть фотографии и отзывы от отдыхающих. Бронируйте недорогое жильё на отдых в частном секторе Лазаревского без посредников!</p>",lazarevskoe,1,1,,,,,,"Частный сектор в Лазаревском 2026, цены на отдых без посредников",,,,,0,0,category_title_show:0,,item_cols:3,,,,,0:random;1:_jbzoo_0_mode_s;2:_jbzoo_0_order_random
118,Цандрипш,candripsh,"<p>Недорогие гостевые дома Цандрипш с ценами на 2026 год: есть описание, контакты хозяев, отзывы от туристов. Отдых в Абхазии у моря без посредников.</p>",abhaziya-2,1,1,,,,,,"Цандрипш гостевые дома у моря, цены 2026 на отдых без посредников","Недорогие гостевые дома Цандрипш с ценами на 2026 год: есть описание, телефоны хозяев, отзывы от туристов. Отдых в Цандрише Абхазия у моря без посредников!",,,,0,0,category_title_show:0,,item_cols:3,,,,,
